epoch,time,train/box_loss,train/cls_loss,train/dfl_loss,lr/pg0,lr/pg1,lr/pg2
1,1059.5,2.14598,4.61998,1.64574,0.000333248,0.000333248,0.000333248
2,2064.93,2.16415,3.08756,1.7027,0.000666531,0.000666531,0.000666531
3,3058.37,2.10836,2.93996,1.65287,0.000999613,0.000999613,0.000999613
4,4050.05,2.03454,2.78269,1.61494,0.000999322,0.000999322,0.000999322
5,5042.69,1.92887,2.58901,1.55401,0.000998794,0.000998794,0.000998794
6,6034.31,1.88917,2.50775,1.53861,0.000998116,0.000998116,0.000998116
7,7025.62,1.84969,2.43511,1.49941,0.000997288,0.000997288,0.000997288
8,8017.99,1.8113,2.32848,1.48485,0.00099631,0.00099631,0.00099631
9,9009.52,1.80063,2.29694,1.48163,0.000995183,0.000995183,0.000995183
10,9998.98,1.74791,2.20789,1.44625,0.000993906,0.000993906,0.000993906
11,10990.2,1.73407,2.17765,1.43936,0.00099248,0.00099248,0.00099248
12,11980.8,1.72135,2.12944,1.43417,0.000990905,0.000990905,0.000990905
13,12971.7,1.69545,2.09539,1.42482,0.000989183,0.000989183,0.000989183
14,13962.7,1.69806,2.07314,1.41827,0.000987313,0.000987313,0.000987313
15,14954,1.68223,2.02053,1.41109,0.000985296,0.000985296,0.000985296
16,15944.7,1.66128,1.98901,1.40147,0.000983133,0.000983133,0.000983133
17,16940.4,1.65413,1.97309,1.39515,0.000980825,0.000980825,0.000980825
18,17930.8,1.65162,1.96845,1.38399,0.000978371,0.000978371,0.000978371
19,18921.5,1.64678,1.9361,1.40014,0.000975773,0.000975773,0.000975773
20,19914.7,1.60405,1.87956,1.37871,0.000973032,0.000973032,0.000973032
21,20905.7,1.60613,1.88268,1.36673,0.000970148,0.000970148,0.000970148
22,21896,1.594,1.85411,1.36061,0.000967122,0.000967122,0.000967122
23,22887.5,1.58449,1.8048,1.35544,0.000963956,0.000963956,0.000963956
24,23878.1,1.57343,1.78796,1.35598,0.00096065,0.00096065,0.00096065
25,24869.3,1.57684,1.76609,1.34456,0.000957205,0.000957205,0.000957205
26,25860,1.53762,1.75049,1.32985,0.000953622,0.000953622,0.000953622
27,26857.6,1.54788,1.74345,1.33631,0.000949903,0.000949903,0.000949903
28,27849.4,1.54279,1.72455,1.33135,0.000946048,0.000946048,0.000946048
29,28841.8,1.52737,1.72111,1.31907,0.000942059,0.000942059,0.000942059
30,29832.7,1.53542,1.69903,1.31326,0.000937937,0.000937937,0.000937937
31,30826.1,1.53799,1.70133,1.3233,0.000933683,0.000933683,0.000933683
32,31823.4,1.51021,1.65237,1.31022,0.000929298,0.000929298,0.000929298
33,32814.7,1.50653,1.67683,1.30582,0.000924784,0.000924784,0.000924784
34,33807.2,1.51871,1.66547,1.30762,0.000920142,0.000920142,0.000920142
35,34799.8,1.49839,1.63452,1.30309,0.000915374,0.000915374,0.000915374
36,35790.4,1.48029,1.62448,1.29376,0.00091048,0.00091048,0.00091048
37,36781.8,1.4708,1.59639,1.28044,0.000905463,0.000905463,0.000905463
38,37774.1,1.46775,1.58318,1.28475,0.000900325,0.000900325,0.000900325
39,38766.4,1.4618,1.58701,1.2861,0.000895065,0.000895065,0.000895065
40,39758.2,1.45075,1.54854,1.26987,0.000889687,0.000889687,0.000889687
41,40751.5,1.45085,1.53662,1.27714,0.000884192,0.000884192,0.000884192
42,41744,1.42572,1.53124,1.25821,0.000878581,0.000878581,0.000878581
43,42736.6,1.43319,1.50445,1.26929,0.000872857,0.000872857,0.000872857
44,43729.3,1.41614,1.48739,1.25321,0.00086702,0.00086702,0.00086702
45,44723,1.41164,1.50305,1.24981,0.000861073,0.000861073,0.000861073
46,45714.3,1.39916,1.47453,1.2397,0.000855018,0.000855018,0.000855018
47,46706,1.39668,1.46356,1.23877,0.000848856,0.000848856,0.000848856
48,47699,1.41649,1.46198,1.25382,0.000842589,0.000842589,0.000842589
49,48693.2,1.40203,1.46144,1.2326,0.00083622,0.00083622,0.00083622
50,49687,1.3932,1.44431,1.23841,0.000829749,0.000829749,0.000829749
51,50693.6,1.38446,1.42557,1.23463,0.00082318,0.00082318,0.00082318
52,51699.4,1.37104,1.39426,1.22712,0.000816514,0.000816514,0.000816514
53,52704.7,1.39068,1.42997,1.23305,0.000809752,0.000809752,0.000809752
54,53712.2,1.36939,1.41129,1.22408,0.000802898,0.000802898,0.000802898
55,54721.6,1.36438,1.38816,1.22311,0.000795954,0.000795954,0.000795954
56,55732.6,1.36588,1.38161,1.22508,0.00078892,0.00078892,0.00078892
57,56737.6,1.33631,1.3389,1.21548,0.0007818,0.0007818,0.0007818
58,57757.1,1.33597,1.34114,1.21176,0.000774596,0.000774596,0.000774596
59,58754.2,1.34947,1.37,1.21351,0.00076731,0.00076731,0.00076731
60,59751.3,1.33398,1.35417,1.20932,0.000759944,0.000759944,0.000759944
61,60760.7,1.32983,1.32883,1.20458,0.0007525,0.0007525,0.0007525
62,61768.3,1.32425,1.31089,1.19345,0.000744981,0.000744981,0.000744981
63,62772.7,1.32263,1.30542,1.20445,0.000737388,0.000737388,0.000737388
64,63774,1.3253,1.29531,1.20359,0.000729725,0.000729725,0.000729725
65,64771.2,1.32647,1.31155,1.19787,0.000721994,0.000721994,0.000721994
66,65764.8,1.30616,1.29368,1.18644,0.000714196,0.000714196,0.000714196
67,66758.5,1.30947,1.28087,1.18683,0.000706335,0.000706335,0.000706335
68,67752.2,1.29842,1.26972,1.18899,0.000698412,0.000698412,0.000698412
69,68744.6,1.28894,1.26745,1.17638,0.00069043,0.00069043,0.00069043
70,69737.9,1.28878,1.26209,1.18638,0.000682392,0.000682392,0.000682392
71,70731.2,1.27893,1.24146,1.17415,0.0006743,0.0006743,0.0006743
72,71723.2,1.28086,1.24035,1.17718,0.000666156,0.000666156,0.000666156
73,72715,1.27587,1.22585,1.17017,0.000657963,0.000657963,0.000657963
74,73709.1,1.27964,1.22849,1.16925,0.000649724,0.000649724,0.000649724
75,74701.9,1.26285,1.19274,1.17352,0.00064144,0.00064144,0.00064144
76,75697.4,1.27245,1.19591,1.16677,0.000633115,0.000633115,0.000633115
77,76690.9,1.23808,1.17401,1.15249,0.000624751,0.000624751,0.000624751
78,77683.1,1.24656,1.17164,1.15774,0.000616351,0.000616351,0.000616351
79,78676.2,1.25457,1.19782,1.16055,0.000607916,0.000607916,0.000607916
80,79668.6,1.24571,1.17139,1.15556,0.00059945,0.00059945,0.00059945
81,80660.4,1.2423,1.14446,1.15319,0.000590956,0.000590956,0.000590956
82,81651.9,1.228,1.13519,1.14678,0.000582435,0.000582435,0.000582435
83,82644.5,1.22063,1.14564,1.1394,0.000573891,0.000573891,0.000573891
84,83637.1,1.21293,1.14087,1.14354,0.000565325,0.000565325,0.000565325
85,84629.8,1.21646,1.13239,1.14636,0.000556742,0.000556742,0.000556742
86,85630.1,1.21721,1.1441,1.14427,0.000548142,0.000548142,0.000548142
87,86670.9,1.21066,1.1313,1.13241,0.000539529,0.000539529,0.000539529
88,87833.3,1.20993,1.12289,1.13656,0.000530906,0.000530906,0.000530906
89,89001.9,1.21739,1.1064,1.1396,0.000522275,0.000522275,0.000522275
90,90167.1,1.19509,1.09257,1.12824,0.000513639,0.000513639,0.000513639
91,91328.6,1.20366,1.09263,1.13158,0.000505,0.000505,0.000505
92,92489.5,1.19953,1.07658,1.13049,0.000496361,0.000496361,0.000496361
93,93648.2,1.17851,1.08303,1.12419,0.000487725,0.000487725,0.000487725
94,94811.1,1.18493,1.06441,1.12444,0.000479094,0.000479094,0.000479094
95,95973.4,1.19051,1.10796,1.12551,0.000470471,0.000470471,0.000470471
96,97137.3,1.17526,1.05745,1.11825,0.000461858,0.000461858,0.000461858
97,98303.2,1.16809,1.04461,1.1135,0.000453258,0.000453258,0.000453258
98,99463.2,1.16097,1.0722,1.1103,0.000444675,0.000444675,0.000444675
99,100621,1.15336,1.0382,1.11157,0.000436109,0.000436109,0.000436109
100,101778,1.15905,1.04214,1.10778,0.000427565,0.000427565,0.000427565
101,102939,1.15946,1.03596,1.1071,0.000419044,0.000419044,0.000419044
102,104097,1.14466,1.03668,1.10195,0.00041055,0.00041055,0.00041055
103,105255,1.14998,1.0207,1.10439,0.000402084,0.000402084,0.000402084
104,106415,1.14974,1.0322,1.1048,0.000393649,0.000393649,0.000393649
105,107578,1.14934,1.01293,1.10534,0.000385249,0.000385249,0.000385249
106,108739,1.14237,1.0077,1.10901,0.000376885,0.000376885,0.000376885
107,109903,1.13665,1.00601,1.10167,0.00036856,0.00036856,0.00036856
108,111065,1.12709,0.99128,1.08841,0.000360276,0.000360276,0.000360276
109,112226,1.12632,0.98806,1.08961,0.000352037,0.000352037,0.000352037
110,113385,1.11638,0.96992,1.08961,0.000343844,0.000343844,0.000343844
111,114548,1.11242,0.97569,1.0888,0.0003357,0.0003357,0.0003357
112,115700,1.11819,0.9789,1.08853,0.000327608,0.000327608,0.000327608
113,116858,1.10845,0.96801,1.08128,0.00031957,0.00031957,0.00031957
114,118022,1.09376,0.96033,1.07894,0.000311588,0.000311588,0.000311588
115,119185,1.11548,0.95257,1.08295,0.000303665,0.000303665,0.000303665
116,120345,1.10992,0.97891,1.07685,0.000295804,0.000295804,0.000295804
117,121505,1.11463,0.95198,1.08728,0.000288006,0.000288006,0.000288006
118,122661,1.10556,0.94649,1.08268,0.000280275,0.000280275,0.000280275
119,123821,1.08367,0.93546,1.07498,0.000272612,0.000272612,0.000272612
120,124980,1.10449,0.95527,1.08146,0.000265019,0.000265019,0.000265019
121,126137,1.10286,0.95072,1.08223,0.0002575,0.0002575,0.0002575
122,127298,1.07942,0.91141,1.07188,0.000250056,0.000250056,0.000250056
123,128456,1.07995,0.91445,1.06872,0.00024269,0.00024269,0.00024269
124,129614,1.06143,0.90931,1.06627,0.000235404,0.000235404,0.000235404
125,130775,1.06714,0.91618,1.0665,0.0002282,0.0002282,0.0002282
126,131931,1.06938,0.91721,1.06523,0.00022108,0.00022108,0.00022108
127,133091,1.07729,0.92187,1.0645,0.000214046,0.000214046,0.000214046
128,134253,1.07435,0.90683,1.0703,0.000207102,0.000207102,0.000207102
129,135419,1.06444,0.89027,1.05758,0.000200248,0.000200248,0.000200248
130,136582,1.07257,0.90248,1.06435,0.000193486,0.000193486,0.000193486
131,137742,1.04839,0.88858,1.06058,0.00018682,0.00018682,0.00018682
132,138905,1.06324,0.89007,1.06272,0.000180251,0.000180251,0.000180251
133,140068,1.04289,0.87459,1.05445,0.00017378,0.00017378,0.00017378
134,141220,1.04664,0.88778,1.05028,0.000167411,0.000167411,0.000167411
135,142374,1.03627,0.86272,1.05058,0.000161144,0.000161144,0.000161144
136,143525,1.04085,0.87059,1.04921,0.000154982,0.000154982,0.000154982
137,144681,1.0408,0.88182,1.04822,0.000148927,0.000148927,0.000148927
138,145841,1.0312,0.8584,1.0508,0.00014298,0.00014298,0.00014298
139,146984,1.02692,0.86004,1.04092,0.000137143,0.000137143,0.000137143
140,148137,1.02359,0.84878,1.04736,0.000131419,0.000131419,0.000131419
141,149298,1.03176,0.87899,1.04551,0.000125808,0.000125808,0.000125808
142,150464,1.02354,0.86011,1.04067,0.000120313,0.000120313,0.000120313
143,151622,1.02194,0.85543,1.04083,0.000114935,0.000114935,0.000114935
144,152784,1.02704,0.85307,1.05029,0.000109675,0.000109675,0.000109675
145,153944,1.02526,0.839,1.05082,0.000104537,0.000104537,0.000104537
146,155104,1.0247,0.83776,1.03845,9.95197e-05,9.95197e-05,9.95197e-05
147,156267,1.0295,0.85696,1.04424,9.46264e-05,9.46264e-05,9.46264e-05
148,157422,1.01094,0.83385,1.03473,8.98581e-05,8.98581e-05,8.98581e-05
149,158583,1.01114,0.84271,1.03776,8.52162e-05,8.52162e-05,8.52162e-05
150,159745,1.03259,0.85441,1.05316,8.07022e-05,8.07022e-05,8.07022e-05
151,160907,1.0167,0.83528,1.04092,7.63174e-05,7.63174e-05,7.63174e-05
152,162063,1.01573,0.8456,1.03773,7.20632e-05,7.20632e-05,7.20632e-05
153,163222,1.00255,0.82671,1.032,6.79409e-05,6.79409e-05,6.79409e-05
154,164378,1.00245,0.83132,1.03587,6.39518e-05,6.39518e-05,6.39518e-05
155,1008.83,1.00242,0.81633,1.03147,6.00969e-05,6.00969e-05,6.00969e-05
156,2015.41,0.99805,0.81715,1.0429,5.63776e-05,5.63776e-05,5.63776e-05
157,3114.11,0.99894,0.82539,1.02779,5.2795e-05,5.2795e-05,5.2795e-05
158,4261.32,1.01799,0.83592,1.03692,4.93501e-05,4.93501e-05,4.93501e-05
159,5270.36,1.00413,0.82323,1.03383,4.6044e-05,4.6044e-05,4.6044e-05
160,6280.08,1.01178,0.83314,1.04096,4.28777e-05,4.28777e-05,4.28777e-05
161,7288.98,0.99635,0.83477,1.03148,3.98522e-05,3.98522e-05,3.98522e-05
162,8320.65,0.99616,0.82095,1.02924,3.69683e-05,3.69683e-05,3.69683e-05
163,9336.06,0.99943,0.82038,1.03955,3.4227e-05,3.4227e-05,3.4227e-05
164,10332.2,0.9948,0.81659,1.03178,3.16291e-05,3.16291e-05,3.16291e-05
165,11327.4,1.00043,0.81344,1.03623,2.91755e-05,2.91755e-05,2.91755e-05
166,12323.5,0.99648,0.80613,1.03168,2.68667e-05,2.68667e-05,2.68667e-05
167,13319.5,0.98258,0.80244,1.0321,2.47036e-05,2.47036e-05,2.47036e-05
168,14316.1,1.00324,0.8232,1.03314,2.26868e-05,2.26868e-05,2.26868e-05
169,15312.4,0.98847,0.80094,1.03087,2.08169e-05,2.08169e-05,2.08169e-05
170,16309.5,0.98778,0.80312,1.02948,1.90945e-05,1.90945e-05,1.90945e-05
171,17311.1,0.91956,0.70138,0.97664,1.75202e-05,1.75202e-05,1.75202e-05
172,18297,0.94268,0.6972,0.98174,1.60943e-05,1.60943e-05,1.60943e-05
173,19280.7,0.94355,0.71411,0.9824,1.48173e-05,1.48173e-05,1.48173e-05
174,20264.4,0.92913,0.70673,0.97719,1.36897e-05,1.36897e-05,1.36897e-05
175,21249.1,0.93769,0.70623,0.97659,1.27117e-05,1.27117e-05,1.27117e-05
176,22234.2,0.93972,0.70777,0.98478,1.18836e-05,1.18836e-05,1.18836e-05
177,23218.6,0.93269,0.704,0.9746,1.12058e-05,1.12058e-05,1.12058e-05
178,24203.7,0.93446,0.68592,0.97773,1.06784e-05,1.06784e-05,1.06784e-05
179,25187.8,0.91737,0.69327,0.97192,1.03015e-05,1.03015e-05,1.03015e-05
180,26172.9,0.92246,0.69312,0.97799,1.00754e-05,1.00754e-05,1.00754e-05
